rsid,chr,pos,beta
rs28362286,1,55063542,42.04118
rs67608943,1,55046549,38.40408
rs114197570,19,11085594,33.45555
rs17249141,19,11089332,32.93
rs11591147,1,55039974,22.96128
rs72646508,1,55052749,22.31186
rs7412,19,44908822,19.17228
rs1065853,19,44909976,18.84085
rs72654473,19,44911142,18.4648
rs445925,19,44912383,18.0597
rs7703051,5,75329662,18.0
rs12721109,19,44943964,15.25298
rs7254892,19,44886339,14.86
rs13306206,2,21019859,14.75
rs151193009,1,55043912,14.49
rs17573010,5,157050820,13.1
rs769455,19,44908783,12.0
rs181559417,2,158838565,11.94
rs12960731,18,26338309,11.69
rs186696265,6,160690668,11.34911
rs119480069,2,43824071,11.1806
rs73453125,7,146387481,11.12
rs7769153,6,130935224,10.3
rs28362263,1,55058182,9.789311
rs28362261,1,55058129,9.644478
rs1160985,19,44900155,9.23
rs79950627,11,2212560,9.214
rs6511720,19,11091630,9.17
rs17111684,1,55159875,9.01
rs35882350,12,513963,8.2
rs1531517,19,44738916,8.125
rs10455872,6,160589086,8.089846
rs3208856,19,44793549,8.0
rs146350463,2,21396237,7.91
rs143020224,19,11076648,7.846
rs115299243,19,44907291,7.766305
rs7528419,1,109274570,7.63
rs114821903,19,11079261,7.594
rs769449,19,44906745,7.496
rs12740374,1,109274968,7.2666
rs147821144,2,21595679,7.26
rs8106503,19,11086210,7.236
rs3747910,20,5547872,7.2
rs73015011,19,11079088,7.191307
rs4420638,19,44919689,7.14
rs555844715,7,44228566,6.7576
rs12721054,19,44919330,6.742064
rs56167574,7,151548889,6.5309
rs6857,19,44888997,6.459
rs646776,1,109275908,6.302077
rs629301,1,109275684,6.284919
rs660240,1,109275216,6.259962
rs113190300,19,11080015,6.022841
rs4245791,2,43847292,5.97
rs145043195,19,7868087,5.9617
rs529192228,1,91801530,5.91496
rs144142940,2,22030759,5.67
rs118039278,6,160564494,5.574
rs73920524,2,21088668,5.5581
rs599839,1,109279544,5.48
rs375498857,16,377772,5.46177
rs66900043,2,43841202,5.412054
rs11668313,19,11165580,5.341
rs62522646,8,95211565,5.309
rs581411,2,21066560,5.3
rs11668327,19,44895376,5.155
rs1481012,4,88117930,5.1
rs117753190,17,69140184,5.047
rs10183198,2,21248115,5.038
rs1883711,20,40551182,4.9666476
rs562338,2,21065449,4.89
rs11669576,19,11111624,4.885776
rs76087060,7,10830492,4.88184
rs12713956,2,21018633,4.86
rs2716769,4,179549287,4.83
rs8102280,19,19344941,4.709046
rs7200153,16,72182890,4.675
rs754523,2,21088819,4.65
rs2228671,19,11100236,4.626226
rs117891475,16,72113517,4.60168
rs201269048,19,45070855,4.563
rs7016880,8,20019235,4.549
rs28562532,2,21086250,4.48
rs201010974,12,109227395,4.47731
rs555998901,1,109393147,4.44
rs668948,2,21068657,4.42303
rs568938,2,21080744,4.403345
rs72703210,1,109281340,4.386
rs563290,2,21065354,4.33531
rs4299376,2,43845437,4.322
rs8178824,17,66228657,4.281
rs283810,19,44884984,4.262
rs73729083,7,137875053,4.2549
rs6657811,1,109264661,4.205141
rs117831057,19,10597177,4.202
rs931608,19,22431320,4.2
rs192244114,4,109717709,4.14587
rs138797374,2,22361426,4.14
rs1367117,2,21041028,4.134983
rs6924995,6,16161194,4.1
rs2967668,19,44799694,4.1
rs145601158,1,109622444,4.01
rs73004967,19,19606247,3.974
rs983311,8,9320015,3.97
rs190481017,2,20428846,3.91
rs934198,2,21055901,3.89272
rs41279732,1,109489809,3.849
rs60403635,2,21049906,3.847
rs4841132,8,9326086,3.815
rs75352129,2,20648432,3.8
rs3902354,1,109276674,3.77801
rs515135,2,21063185,3.7366
rs370724533,11,56742322,3.65309
rs57825321,2,21024193,3.65001
rs11887534,2,43839108,3.643
rs117302066,19,11007140,3.62
rs11806638,1,55052487,3.59404
rs143786000,2,22552116,3.58
rs78641322,3,47640381,3.58
rs41360247,2,43846517,3.56
rs80052283,11,99676051,3.53542
rs138977414,13,27903493,3.53
rs2304128,19,19635342,3.507
rs80310766,3,47987214,3.49
rs7350481,11,116715567,3.47407
rs6752026,2,21038062,3.473921
rs537916240,19,10860596,3.47
rs503662,2,21191270,3.468823
rs4953023,2,43846861,3.466
rs151145935,2,21793955,3.46
rs11881756,19,44717621,3.439
rs9411489,9,133279427,3.421217
rs635634,9,133279427,3.421217
rs934197,2,21044589,3.395
rs7258950,19,11139463,3.387
rs507666,9,133273983,3.361036
rs2738464,19,11131631,3.36
rs495828,9,133279294,3.35
rs147323247,2,21917125,3.32
rs16996148,19,19547663,3.32
rs73596816,6,160596331,3.31774
rs7575840,2,21050618,3.26
rs148827430,11,55178574,3.21825
rs174566,11,61824890,3.211
rs1466848,3,113217399,3.183
rs11206517,1,55060755,3.169
rs6544713,2,43846742,3.121776
rs10401969,19,19296909,3.11
rs12916,5,75360714,3.062396
rs11206510,1,55030366,3.04
rs3846663,5,75359901,3.000125
rs2274538,1,55103767,2.974
rs3843482,5,75343434,2.967882
rs76866386,2,43848344,2.954259
rs693,2,21009323,2.939653
rs1041968,2,21009932,2.932701
rs3810143,19,44846145,2.917
rs3794695,16,72063928,2.885
rs11668477,19,11084354,2.880678
rs13392272,2,20994618,2.879721
rs579459,9,133278724,2.853
rs964184,11,116778201,2.85
rs76970536,11,126380785,2.848
rs4603816,2,43864927,2.845
rs550057,9,133271182,2.83
rs10038095,5,75341886,2.822193
rs12654264,5,75352778,2.815698
rs1423527,5,75306874,2.814453
rs1875620,9,88925144,2.8
rs2519093,9,133266456,2.77722
rs6756629,2,43837951,2.773495
rs17111697,1,55165977,2.77
rs139919599,2,20949664,2.76
rs150856817,2,21016994,2.742
rs2238675,19,19225799,2.729091
